NAME,ORG_NAME,ORG_ID
AGF000022,IPC03024,33
AGP000094,IPC04472,25
AMS000089,IPC05484,94
AMS000095,IPC05484,94
AMS000099,IPC05484,94
AMS000110,IPC01184,130
AMS000118,IPC05484,94
AMS000126,IPC05513,96
AMS000170,IPC04358,28
AMS000206,IPC04932,62
AMS000208,IPC04932,62
AMS000342,IPC05513,96
AMS000344,IPC05513,96
AMS000603,IPC04514,26
AMS000631,IPC05020,68
AMS000718,IPC05513,96
AMS000832,IPC05484,94
AMS000894,IPC05319,81
AMS000988,IPC05569,127
AMS000990,IPC01184,130
AMS001320,IPC04358,28
AMS004633,IPC04472,25
AMS009998,IPC04514,26
ANE000031,IPC03024,33
ANG000013,IPC05162,76
ANG000014,IPC05162,76
ANG000025,IPC03024,33
ANR000009,IPC05162,76
ANR000090,IPC041103199,31
ANR000097,IPC05162,76
ANR000170,IPC041103199,31
ANR000304,IPC03257,111
ANR000314,IPC05521,100
ANR000498,IPC05521,100
ANR000578,IPC03257,111
ANR000911,IPC05521,100
ANR000912,IPC05521,100
ANR000916,IPC05521,100
ANR000992,IPC05521,100
ANR000995,IPC05521,100
ANR003756,IPC05521,100
ANR004777,IPC05521,100
ANR008465,IPC041103199,31
ANR008466,IPC041103199,31
AUS000022,IPC05020,68
AUS000023,IPC05020,68
AUT000005,IPC03257,111
AVN000106,IPC03024,33
BCN000015,IPC05560,124
BCN000041,IPC05560,124
BCN000042,IPC05560,124
BCN000246,IPC05398,88
BCN000348,IPC05398,88
BCN000363,IPC05560,124
BCN000364,IPC04248,17
BCN000389,IPC05398,88
BCN000523,IPC05563,121
BCN000556,IPC04472,25
BCN000672,IPC05515,97
BCN000705,IPC04248,17
BCN000885,IPC03264,86
BCN000895,IPC05325,82
BCN000902,IPC05325,82
BCN000904,IPC05325,82
BCN000912,IPC05325,82
BCN000920,IPC05398,88
BCN000922,IPC05517,98
BCN000928,IPC03264,86
BCN000932,IPC05398,88
BCN000934,IPC04624,39
BCN000944,IPC05398,88
BCN000949,IPC05398,88
BCN000994,IPC05563,121
BCN001125,IPC04514,26
BCN001378,IPC04514,26
BCN001568,IPC04248,17
BCN002231,IPC04248,17
BCN004315,IPC05325,82
BCN006632,IPC04472,25
BCN006981,IPC05325,82
BCN007999,IPC05398,88
BCN008046,IPC05398,88
BCN008697,IPC05515,97
BCN008749,IPC05398,88
BCN059084,IPC05398,88
BCN065384,IPC05398,88
BER000010,IPC04932,62
BER000052,COLT,1
BER000052,IPC04584,36
BER000052,IPC060500463,131
BER000064,IPC05398,88
BER000067,IPC05398,88
BER000081,IPC04932,62
BER000356,IPC04305W,29
BER000439,IPC04514,26
BER000540,IPC04578,35
BER000646,IPC04578,35
BER000888,IPC05521,100
BER000908,IPC04305W,29
BER000914,COLT,1
BER000914,IPC04584,36
BER000914,IPC060500463,131
BER000926,IPC060500463,131
BER000940,IPC05521,100
BER000985,IPC060500463,131
BER000996,IPC04578,35
BER004896,IPC04578,35
BER005236,IPC04514,26
BER005632,IPC04472,25
BER009767,IPC03264,86
BER009768,IPC03264,86
BER011169,IPC04578,35
BFE000022,IPC04578,35
BHX000368,IPC04932,62
BHX000369,IPC04932,62
BHX000505,IPC05521,100
BHX000900,IPC05521,100
BLQ000092,IPC04472,25
BLQ000486,IPC04248,17
BLQ000520,IPC01281,78
BLX000001,IPC04968,66
BLX000004,IPC04968,66
BMU000200,IPC05414,93
BMU000202,IPC05414,93
BOU000022,IPC03024,33
BRA000018,IPC01941W,24
BRE001040,IPC060302230,58
BRE001041,IPC060302230,58
BRI000500,IPC01281,78
BRN000201,IPC04578,35
BRN000707,IPC04578,35
BRN002349,IPC04578,35
BRS000074,IPC04514,26
BRS001104,IPC04514,26
BRU000004,IPC05162,76
BRU000006,IPC05521,100
BRU000007,IPC02945,89
BRU000016,IPC05538,109
BRU000045,IPC05538,109
BRU000081,IPC02049,108
BRU000090,IPC05020,68
BRU000105,IPC05414,93
BRU000108,IPC05414,93
BRU000146,IPC02945,89
BRU000166,IPC05563,121
BRU000174,IPC041103199,31
BRU000186,IPC041200213,120
BRU000259,IPC04472,25
BRU000264,IPC041103199,31
BRU000292,IPC041103199,31
BRU000317,IPC041103199,31
BRU000574,IPC04358,28
BRU000671,IPC05523,101
BRU000924,IPC05521,100
BRU000927,IPC05414,93
BRU000962,IPC05521,100
BRU000966,IPC05538,109
BRU001160,IPC02945,89
BRU001199,IPC05521,100
BRU001724,IPC02945,89
BRU001738,IPC02945,89
BRU001942,IPC02945,89
BRU001948,IPC04358,28
BRU001954,IPC05414,93
BRU002182,IPC04358,28
BRU002300,IPC04358,28
BRU002909,IPC05521,100
BRU006652,IPC02267,40
BRU007689,IPC041103199,31
BRU008282,IPC05521,100
BRU009092,IPC05521,100
BRU009495,IPC04514,26
BRU009496,IPC04514,26
BRU009527,IPC041103199,31
BRU022865,IPC041103199,31
BRV000017,IPC060302230,58
BSL000145,IPC04578,35
BSL000249,IPC04578,35
BSL002655,IPC04578,35
BVA000056,IPC03024,33
BWE000013,IPC060302230,58
BWE000014,IPC060302230,58
BWE000019,IPC060302230,58
BWE000020,IPC060302230,58
BWE000030,IPC060302230,58
BWE000200,IPC060302230,58
BZO000009,IPC04968,66
BZO000018,IPC04968,66
BZO000020,IPC04968,66
CAN000019,IPC04624,39
CAN000030,IPC04624,39
CES000259,IPC04514,26
CES000443,IPC04472,25
CES000915,IPC04514,26
CES024530,IPC04514,26
CFR000039,IPC03024,33
CGN000282,IPC04514,26
CGN000286,IPC04578,35
CGN000777,IPC04578,35
CGN000802,IPC05162,76
CGN000803,IPC04514,26
CGN000950,IPC05567,125
CGN000955,IPC04578,35
CHN000007,IPC05398,88
CHN000048,IPC04932,62
CHN000085,IPC05398,88
CHN000089,IPC04932,62
CMF000036,IPC03024,33
CMR000035,IPC03024,33
CNO000079,IPC04932,62
CNO000500,IPC04932,62
CPH000195,IPC01281,78
CQF000062,IPC03024,33
CQF000395,IPC03024,33
CTA000023,IPC01281,78
CUF000004,IPC04884,63
CUF000008,IPC04884,63
CZE000091,IPC01941W,24
CZE000098,IPC04370,38
CZE000209,IPC05020,68
CZE000904,IPC05563,121
DIJ000048,IPC03024,33
DRS000040,IPC05521,100
DRS000089,IPC05521,100
DTM000016,IPC04578,35
DTM000108,IPC04578,35
DUB000044,IPC04358,28
DUB000146,IPC04358,28
DUB000152,IPC04358,28
DUB000605,IPC05414,93
DUB000653,IPC05521,100
DUB001010,IPC05414,93
DUI000023,IPC04946,60
DUI000202,IPC04946,60
DUS000095,IPC04932,62
DUS000161,IPC04932,62
DUS000681,IPC04472,25
DUS000803,IPC04578,35
DUS005390,IPC04578,35
EAN000064,IPC04932,62
EAN000090,IPC04932,62
EAN000150,IPC04932,62
EAN000181,IPC04932,62
EAN000185,IPC04932,62
EAN002729,IPC04932,62
EBU000063,IPC03024,33
EDM000014,IPC03024,33
ENC000040,IPC03024,33
ERF000007,IPC04578,35
ERF000037,IPC04578,35
ERF000038,IPC04578,35
ERF000900,IPC04578,35
ESS000260,IPC04578,35
ESS00881,IPC04578,35
FIN000105,IPC04946,60
FIN000902,IPC03264,86
FIN000904,IPC03264,86
FLR000040,IPC04472,25
FLR000109,IPC04472,25
FMO000020,IPC060302230,58
FMO000021,IPC060302230,58
FMO000031,IPC060302230,58
FMO000037,IPC060302230,58
FMO000045,IPC060302230,58
FMO000100,IPC060302230,58
FRA000042,IPC05020,68
FRA000276,IPC05319,81
FRA000300,COLT,1
FRA000300,IPC05581,139
FRA000300,IPC05582,141
FRA000300,IPC05583,143
FRA000300,IPC05585,142
FRA000332,IPC05020,68
FRA000374,IPC05567,125
FRA000553,IPC05020,68
FRA000594,IPC04472,25
FRA000724,IPC05548,115
FRA000746,IPC060302230,58
FRA001053,IPC060302230,58
FRA001329,IPC04578,35
FRA001998,IPC05567,125
FRA002302,IPC05162,76
FRA002627,IPC01281,78
FRA003107,IPC05517,98
FRA003401,IPC05517,98
FRA003505,IPC05569,127
FRA005348,IPC03257,111
FRA009016,IPC05567,125
FRA009020,IPC03257,111
FRA009022,COLT,1
FRA009022,IPC05581,139
FRA009022,IPC05582,141
FRA009022,IPC05583,143
FRA009022,IPC05585,142
GER000036,IPC060302230,58
GER000084,IPC060302230,58
GER000090,IPC060302230,58
GER000109,IPC060302230,58
GER000168,IPC04946,60
GER000192,IPC060302230,58
GER000197,IPC060302230,58
GER000199,IPC060302230,58
GER000237,IPC060302230,58
GER000252,IPC060302230,58
GER000272,IPC060302230,58
GER000280,IPC060302230,58
GER000281,IPC060302230,58
GER000291,IPC01281,78
GER000293,IPC060401471,126
GER000300,IPC060302230,58
GER000324,IPC060302230,58
GER000329,IPC060302230,58
GER000331,IPC060302230,58
GER000338,IPC060302230,58
GER000349,IPC060302230,58
GER000350,IPC060302230,58
GER000351,IPC060302230,58
GER000353,IPC060302230,58
GER000355,IPC060302230,58
GER000359,IPC060302230,58
GER000364,IPC060302230,58
GER000381,IPC060302230,58
GER000382,IPC060302230,58
GER000383,IPC060401057,105
GER000387,IPC060401471,126
GER000399,IPC060302230,58
GER000402,IPC060302230,58
GER000416,IPC060302230,58
GER000424,IPC060302230,58
GER000436,IPC060302230,58
GER000450,IPC060302230,58
GER000465,IPC060302230,58
GER000473,IPC03264,86
GER000478,IPC060302230,58
GER000479,IPC060302230,58
GER000480,IPC060302230,58
GER000493,IPC060302230,58
GER000496,IPC060302230,58
GER000510,IPC060302230,58
GER000511,IPC060302230,58
GER000527,IPC060302230,58
GER000539,IPC060302230,58
GER000546,IPC01281,78
GER000547,IPC060302230,58
GER000548,IPC060302230,58
GER000549,IPC060302230,58
GER000558,IPC060302230,58
GER000576,IPC04578,35
GER000607,IPC060302230,58
GER000608,IPC060401057,105
GER000609,IPC04489,46
GER000616,IPC04946,60
GER000628,IPC060302230,58
GER000629,IPC060302230,58
GER000634,IPC060401471,126
GER000635,IPC060401057,105
GER000645,IPC060302230,58
GER000657,IPC060302230,58
GER000661,IPC060302230,58
GER000662,IPC060401471,126
GER000664,IPC060302230,58
GER000671,IPC060302230,58
GER000672,IPC060302230,58
GER000674,IPC060302230,58
GER000676,IPC060302230,58
GER000710,IPC04489,46
GER000773,IPC060302230,58
GER000774,IPC060302230,58
GER000781,IPC060302230,58
GER000783,IPC060302230,58
GER000785,IPC060401057,105
GER000786,IPC060302230,58
GER000793,IPC060302230,58
GER000809,IPC060401057,105
GER000825,IPC060401057,105
GER000834,IPC060302230,58
GER000972,IPC04305W,29
GER000988,IPC05410,87
GER001009,IPC060401057,105
GER001010,IPC04578,35
GER001026,IPC060302230,58
GER001031,IPC060302230,58
GER001034,IPC060401057,105
GER001035,IPC060302230,58
GER001037,IPC060401471,126
GER001050,IPC060401471,126
GER001060,IPC060302230,58
GER001081,IPC05517,98
GER001229,IPC04578,35
GER001291,IPC04578,35
GER001405,IPC060302230,58
GER001406,IPC060302230,58
GER001520,IPC060302230,58
GER001628,IPC060302230,58
GER001630,IPC060302230,58
GER001678,IPC05517,98
GER001802,IPC060302230,58
GER001810,IPC060302230,58
GER001816,IPC060302230,58
GER001820,IPC05517,98
GER001834,IPC060302230,58
GER001844,IPC060302230,58
GER001992,IPC060302230,58
GER002017,IPC04472,25
GER002018,IPC060302230,58
GER002106,IPC060302230,58
GER002108,IPC060302230,58
GER002124,IPC060302230,58
GER002126,IPC060302230,58
GER002130,IPC060302230,58
GER002134,IPC060302230,58
GER002140,IPC060302230,58
GER002146,IPC060302230,58
GER002182,IPC060302230,58
GER002226,IPC060302230,58
GER002228,IPC060302230,58
GER002232,IPC060302230,58
GER002299,IPC05162,76
GER002387,IPC060401057,105
GER002406,IPC060302230,58
GER002410,IPC060302230,58
GER002471,IPC060302230,58
GER002515,IPC04721,71
GER002525,IPC05162,76
GER002531,IPC05521,100
GER002609,IPC04472,25
GER002618,IPC060302230,58
GER002630,IPC060302230,58
GER002652,IPC060302230,58
GER002671,IPC060302230,58
GER002673,IPC060302230,58
GER002762,IPC05517,98
GER002765,IPC05517,98
GER002804,IPC060302230,58
GER003006,IPC060302230,58
GER003008,IPC060302230,58
GER003014,IPC060302230,58
GER003018,IPC03264,86
GER003028,IPC060302230,58
GER003032,IPC060302230,58
GER003283,IPC060401471,126
GER003341,IPC060401057,105
GER003409,IPC060302230,58
GER003410,IPC060302230,58
GER003429,IPC060401057,105
GER003463,IPC05521,100
GER003499,IPC060302230,58
GER003610,IPC060302230,58
GER003634,IPC05521,100
GER003795,IPC060302230,58
GER003967,IPC060302230,58
GER003980,IPC05521,100
GER003996,IPC060302230,58
GER004012,IPC060302230,58
GER004016,IPC060302230,58
GER004232,IPC04584,36
GER004291,IPC04624,39
GER004367,IPC01941W,24
GER004476,IPC04578,35
GER004480,IPC04584,36
GER004481,IPC04584,36
GER004487,IPC04578,35
GER004520,IPC04305W,29
GER004525,IPC060401471,126
GER004614,IPC060302230,58
GER004743,IPC04578,35
GER004746,IPC04578,35
GER004759,IPC060401471,126
GER004769,IPC04624,39
GER004786,IPC060401471,126
GER004791,IPC04472,25
GER004792,IPC060302230,58
GER004826,IPC04624,39
GER004828,IPC04624,39
GER004829,IPC04624,39
GER004835,IPC04624,39
GER004846,IPC060302230,58
GER004856,IPC04489,46
GER004868,IPC04624,39
GER004877,IPC04624,39
GER004888,IPC04624,39
GER004891,IPC04624,39
GER004895,IPC04946,60
GER004918,IPC060302230,58
GER004925,IPC04578,35
GER004926,IPC04578,35
GER004935,IPC05517,98
GER004948,IPC04305W,29
GER004962,IPC04305W,29
GER004970,IPC04578,35
GER004991,IPC04305W,29
GER004994,IPC060302230,58
GER005030,IPC05521,100
GER005056,IPC05521,100
GER005079,IPC05521,100
GER005083,IPC05521,100
GER005104,IPC05410,87
GER005110,IPC04489,46
GER005126,IPC060302230,58
GER005131,IPC04578,35
GER005183,IPC060302230,58
GER005190,IPC060302230,58
GER005211,IPC04578,35
GER005216,IPC060302230,58
GER005245,IPC05521,100
GER005301,IPC04721,71
GER005306,IPC060302230,58
GER005307,IPC060302230,58
GER005308,IPC060302230,58
GER005310,IPC060302230,58
GER005311,IPC060302230,58
GER005312,IPC060302230,58
GER005315,IPC060302230,58
GER005317,IPC060302230,58
GER005323,IPC060302230,58
GER005324,IPC060302230,58
GER005326,IPC060302230,58
GER005327,IPC060302230,58
GER005328,IPC060302230,58
GER005329,IPC060302230,58
GER005331,IPC060302230,58
GER005335,IPC060302230,58
GER005336,IPC060302230,58
GER005337,IPC060302230,58
GER005338,IPC060302230,58
GER005339,IPC060302230,58
GER005341,IPC060302230,58
GER005344,IPC060302230,58
GER005347,IPC060302230,58
GER005349,IPC060302230,58
GER005350,IPC060302230,58
GER005352,IPC060302230,58
GER005356,IPC060302230,58
GER005358,IPC060302230,58
GER005359,IPC060302230,58
GER005365,IPC060302230,58
GER005367,IPC060302230,58
GER005397,IPC060302230,58
GER005457,IPC060302230,58
GER005626,IPC04578,35
GER005656,IPC060302230,58
GER005762,IPC060302230,58
GER005764,IPC060302230,58
GER005778,IPC060302230,58
GER005779,IPC060302230,58
GER005904,IPC060302230,58
GER005982,IPC060401471,126
GER006152,IPC060302230,58
GER006409,IPC04578,35
GER006609,IPC04624,39
GER006624,IPC04578,35
GER006625,IPC04578,35
GER006723,IPC060302230,58
GER006934,IPC060302230,58
GER006937,IPC060302230,58
GER006938,IPC060302230,58
GER006939,IPC060302230,58
GER007006,IPC04578,35
GER007256,IPC05521,100
GER007770,IPC060302230,58
GER007771,IPC060302230,58
GER007777,IPC04578,35
GER007870,IPC060302230,58
GER008121,IPC05538,109
GER008468,IPC04624,39
GER008597,IPC060302230,58
GER008629,IPC060302230,58
GER008727,IPC060302230,58
GER008737,IPC060302230,58
GER008789,IPC060302230,58
GER009002,IPC060302230,58
GER009003,IPC060302230,58
GER009006,IPC060302230,58
GER009010,IPC060302230,58
GER009012,IPC060302230,58
GER009014,IPC060302230,58
GER009020,IPC060302230,58
GER009021,IPC060302230,58
GER009024,IPC05563,121
GER009028,IPC060401471,126
GER009030,IPC060401471,126
GER009032,IPC060401057,105
GER009034,IPC060401057,105
GER009038,IPC060401057,105
GER009040,IPC060401057,105
GER009050,IPC060401471,126
GER009052,IPC060302230,58
GER009387,IPC060302230,58
GER009499,IPC060302230,58
GER009779,IPC05538,109
GER009797,IPC04305W,29
GER009888,IPC060302230,58
GER009889,IPC060302230,58
GER009978,IPC060302230,58
GER009988,IPC060302230,58
GER011111,IPC060302230,58
GER011124,IPC060302230,58
GER011224,IPC060302230,58
GER012342,IPC060302230,58
GER012343,IPC060302230,58
GER012345,IPC060302230,58
GER012346,IPC060302230,58
GER012356,IPC060302230,58
GER012987,IPC060302230,58
GER022963,IPC060302230,58
GER024576,IPC060302230,58
GER031212,IPC060302230,58
GER043814,IPC060302230,58
GER044915,IPC060302230,58
GER045779,IPC060302230,58
GER112233,IPC060302230,58
GER112234,IPC060302230,58
GER122334,IPC060302230,58
GER122335,IPC060302230,58
GER234516,IPC060302230,58
GER243771,IPC060302230,58
GER543267,IPC060302230,58
GNE000023,IPC041200213,120
GNE000041,IPC04721,71
GNE000053,IPC05521,100
GNE000168,IPC041103199,31
GNE000178,IPC041103199,31
GNE000190,IPC04358,28
GNE000191,IPC04358,28
GNE000294,IPC041200213,120
GNE000402,IPC041103199,31
GNE000403,IPC05521,100
GNE000404,IPC05517,98
GNE000406,IPC05521,100
GNE000408,IPC05521,100
GNE001101,IPC04721,71
GNE005413,IPC05541,110
GNE024545,IPC05541,110
GOA000200,IPC04946,60
GOA000322,IPC01281,78
GOT000026,IPC05538,109
GOT000035,IPC04578,35
GOT000036,IPC05538,109
GRO000050,IPC05398,88
GRO000055,IPC05398,88
GRO002588,IPC05541,110
GRO002590,IPC05541,110
GRZ000017,IPC03264,86
GRZ000100,IPC03264,86
GVA000242,IPC04578,35
GVA000288,IPC04578,35
GVA000291,IPC04578,35
GVA000292,IPC04578,35
GVA000519,IPC04472,25
GVA000888,IPC04578,35
GVA002314,IPC04578,35
HAA000040,IPC04721,71
HAG000358,IPC05144,73
HAJ000024,IPC060302230,58
HAJ000025,IPC060302230,58
HAJ000080,IPC060302230,58
HAJ000085,IPC060302230,58
HAJ000345,IPC060302230,58
HAJ000410,IPC060302230,58
HAJ000433,IPC060302230,58
HAJ000592,IPC060302230,58
HAJ000593,IPC060302230,58
HAJ000658,IPC05410,87
HAJ000667,IPC05410,87
HAJ000912,IPC060302230,58
HAJ001263,IPC02862,91
HAJ003124,IPC060302230,58
HAM000019,IPC05567,125
HAM000052,IPC05567,125
HAM000082,IPC04946,60
HAM000096,IPC05567,125
HAM000164,IPC05567,125
HAM000168,IPC05567,125
HAM000436,IPC04578,35
HAM000440,IPC04624,39
HAM000468,IPC05410,87
HAM000502,IPC04578,35
HAM000512,IPC04946,60
HAM000670,IPC05410,87
HAM000705,IPC05567,125
HAM000900,IPC04932,62
HAM000902,IPC05410,87
HAM000908,IPC05538,109
HAM000910,IPC05567,125
HAM000912,IPC05567,125
HAM000914,IPC05567,125
HAM000920,IPC05567,125
HAM000925,IPC05567,125
HAM000928,IPC05567,125
HAM000943,IPC05521,100
HAM000965,IPC04932,62
HAM000967,IPC05538,109
HAM000980,IPC05538,109
HAM000981,IPC04578,35
HAM001128,IPC04946,60
HAM001132,IPC04578,35
HAM002514,IPC04946,60
HAM002675,IPC03087,49
HAM002990,IPC04514,26
HAM005788,IPC05410,87
HAM005888,IPC04514,26
HAM006542,IPC04946,60
HAM009908,IPC05538,109
HKG000074,IPC05566,128
HKG000075,IPC04514,26
HKG000224,IPC04932,62
HKG000235,IPC04932,62
HKG000343,IPC04514,26
HUN000011,IPC04761,80
HUN000059,IPC04489,46
HUN000060,IPC04489,46
HUN000062,IPC05162,76
HUN000063,IPC05162,76
HUN000064,IPC04761,80
ITA000210,IPC04472,25
ITA000460,IPC04472,25
ITA000484,IPC01281,78
ITA000485,IPC04472,25
ITA000501,IPC04472,25
JAE000001,IPC04624,39
JAE000018,IPC04624,39
JPN000040,IPC05203,77
JPN000066,IPC04733,50
LAT000010,IPC05162,76
LAT000011,IPC05162,76
LDS000011,IPC04932,62
LDS000051,IPC04932,62
LEJ000099,IPC05521,100
LEJ000204,IPC05521,100
LEJ007248,IPC04578,35
LEJ008546,IPC04578,35
LGG000902,IPC041103199,31
LIG000015,IPC03024,33
LIL000091,IPC03024,33
LIL000195,IPC060800966,85
LIL000344,IPC060800966,85
LIS000012,IPC05538,109
LIS000025,IPC05538,109
LIS000205,IPC04624,39
LIS000272,IPC05560,124
LIS000408,IPC05560,124
LIS000470,IPC04458,32
LIS000557,IPC05020,68
LIS000559,IPC05398,88
LIS000689,IPC04472,25
LIS000725,IPC05020,68
LIS000900,IPC05398,88
LIS000984,IPC03264,86
LIS000989,IPC03094,41
LIS004682,IPC03264,86
LIS009635,IPC04624,39
LMC000004,IPC05521,100
LON000106,IPC05523,101
LON000164,IPC05563,121
LON000167,IPC05548,115
LON000171,IPC05319,81
LON000473,IPC05548,115
LON000592,IPC01281,78
LON000597,IPC05020,68
LON000671,IPC04472,25
LON000968,IPC04472,25
LON000970,IPC05414,93
LON001878,IPC05566,128
LON001985,IPC04248,17
LON002113,IPC04472,25
LON002122,IPC04721,71
LON002223,IPC04932,62
LON003100,IPC04721,71
LON003653,IPC04514,26
LON003944,IPC04932,62
LON006363,IPC05548,115
LON007789,IPC05414,93
LON008080,IPC04932,62
LON00855,IPC05020,68
LON009102,IPC05523,101
LON009568,IPC04514,26
LON009929,IPC05548,115
LON009972,IPC05319,81
LRH000063,IPC03024,33
LUG000003,IPC04578,35
LUG000137,IPC04472,25
LUG000278,IPC04472,25
LUG000602,IPC04578,35
LUX000091,IPC05521,100
LUX000222,IPC05521,100
LUX000414,IPC04932,62
LUX000985,IPC04932,62
LUX001010,IPC041103199,31
LYS000049,IPC04358,28
LYS000054,IPC04358,28
LYS000400,IPC05541,110
LYS000402,IPC03024,33
LYS000410,IPC05162,76
LYS000411,IPC05162,76
LYS000848,IPC04358,28
LYS001123,IPC04358,28
LYS005415,IPC05541,110
LYS007531,IPC03024,33
MAD000012,IPC05538,109
MAD000013,IPC05538,109
MAD000014,IPC05569,127
MAD000235,IPC04624,39
MAD000292,IPC04514,26
MAD000549,IPC05319,81
MAD000609,IPC04624,39
MAD000761,IPC04472,25
MAD000880,IPC05020,68
MAD001216,IPC04472,25
MAD002202,IPC04624,39
MAD002354,IPC05515,97
MAD003600,IPC04514,26
MAD004852,IPC05020,68
MAN000085,IPC04932,62
MAN000099,IPC04932,62
MCM000004,IPC04472,25
MEX000017,IPC01941W,24
MEX000018,IPC04489,46
MEX000020,IPC05398,88
MEX000902,IPC05398,88
MGL000030,IPC04489,46
MGL000032,IPC04489,46
MHG000075,IPC04578,35
MHG002202,IPC04578,35
MHG008748,IPC04578,35
MIL000092,IPC03620,137
MIL000101,IPC05560,124
MIL000204,IPC04968,66
MIL000235,IPC05560,124
MIL000490,IPC01281,78
MIL000552,IPC04472,25
MIL000553,IPC04472,25
MIL000648,IPC05020,68
MIL000665,IPC05020,68
MIL000826,IPC01281,78
MIL000956,IPC05398,88
MIL000962,IPC05517,98
MIL000996,IPC05517,98
MIL001332,IPC04514,26
MIL001370,IPC04472,25
MIL001371,IPC04514,26
MIL001844,IPC04248,17
MIL003421,IPC05563,121
MIL009023,IPC05398,88
MPL000142,IPC01281,78
MRS000073,IPC03024,33
MRU000200,IPC05521,100
MRU000365,IPC05521,100
MSR000020,IPC05517,98
MSR000945,IPC05517,98
MUC000018,IPC04578,35
MUC000051,IPC04578,35
MUC000278,IPC04932,62
MUC000285,IPC04578,35
MUC000410,IPC04514,26
MUC000581,IPC05521,100
MUC000630,IPC04514,26
MUC000694,IPC060401057,105
MUC000733,IPC04472,25
MUC000932,IPC05521,100
MUC000957,IPC04932,62
MUC000967,IPC04932,62
MUC001171,IPC04578,35
MUC001172,IPC04578,35
MUC002894,IPC05414,93
MUC002895,IPC05414,93
MZM000040,IPC03024,33
NAP000043,IPC01281,78
NAP000046,IPC04472,25
NAP000065,IPC04472,25
NCE000078,IPC04472,25
NCE000481,IPC04472,25
NCY000063,IPC03024,33
NCY000072,IPC04578,35
NEA000086,IPC04932,62
NEA000198,IPC04932,62
NEA000222,IPC05563,121
NLD000054,IPC05538,109
NLD000206,IPC05563,121
NLD000557,IPC04472,25
NLD000610,IPC01941W,24
NLD000629,IPC04358,28
NLD000902,IPC05513,96
NLD000950,IPC05513,96
NLD000955,IPC05513,96
NLD000956,IPC05513,96
NLD001532,IPC04624,39
NLD002666,IPC05538,109
NLD002700,IPC05538,109
NOR000200,IPC04578,35
NOR000202,IPC04578,35
NOW000104,IPC04624,39
NOW000300,IPC05538,109
NOW000302,IPC05538,109
NOW000304,IPC05538,109
NOW000354,IPC05521,100
NTE000048,IPC03024,33
NTE000401,IPC03024,33
NUE000015,IPC05521,100
NUE000032,IPC05521,100
NUE000202,IPC04578,35
NUE000332,IPC04946,60
NYC000071,IPC01281,78
OPO000046,IPC03094,41
ORE000052,IPC03024,33
ORE000066,IPC03024,33
PAR000049,IPC05570,132
PAR000155,IPC04932,62
PAR000376,IPC04472,25
PAR000408,IPC03024,33
PAR000550,IPC05570,132
PAR000965,IPC03264,86
PAR001139,IPC04472,25
PAR002703,IPC04932,62
PAR003163,IPC04514,26
PAR003602,IPC04514,26
PAR006923,IPC03264,86
PGF000030,IPC03024,33
PGX000030,IPC03024,33
PHX000400,IPC03264,86
PIS000005,IPC03024,33
PMF000054,IPC04472,25
POL000024,IPC05538,109
POL000081,IPC05517,98
POL000307,IPC05162,76
POL000332,IPC04946,60
POL000366,IPC05162,76
POL000407,IPC05541,110
POL000408,IPC05541,110
POL000409,IPC05538,109
POL000700,IPC03257,111
POL000910,IPC03257,111
POX000196,IPC03024,33
POX000514,IPC01281,78
POX000600,IPC01281,78
PRT003465,IPC05563,121
PRT021310,IPC04624,39
PUF000036,IPC03024,33
PUF000038,IPC03024,33
PUF000049,IPC05521,100
PUF000200,IPC05521,100
QAL000033,IPC04472,25
QAM000057,IPC03024,33
QBO000108,IPC04578,35
QBQ000033,IPC03024,33
QBQ000035,IPC03024,33
QBQ000200,IPC05517,98
QBQ000202,IPC05517,98
QBS000078,IPC04968,66
QBS000080,IPC04514,26
QBS000085,IPC04968,66
QBS000365,IPC04514,26
QCM000120,IPC04946,60
QFC000511,IPC04358,28
QFC000514,IPC04358,28
QGL000003,IPC04578,35
QGL000004,IPC04578,35
QGL000053,IPC04578,35
QGN000002,IPC05398,88
QGN000050,IPC05398,88
QHA000021,IPC04472,25
QHA000026,IPC05521,100
QHA000035,IPC05538,109
QHA000135,IPC05538,109
QHA000202,IPC05521,100
QHA000402,IPC05538,109
QHA000600,IPC05538,109
QHA000624,IPC05521,100
QHA000628,IPC041103199,31
QHA000765,IPC05521,100
QHA048807,IPC01941W,24
QLJ000020,IPC04578,35
QLJ000035,IPC05570,132
QLJ000040,IPC05570,132
QLJ000148,IPC04578,35
QLS000102,IPC04578,35
QLS000195,IPC04578,35
QLS000196,IPC04578,35
QMO000090,IPC041103199,31
QMO004857,IPC041103199,31
QMZ000024,IPC04578,35
QMZ000033,IPC04578,35
QNM000016,IPC05521,100
QNM000090,IPC041103199,31
QPA000066,IPC01281,78
QPA000090,IPC04968,66
QPB000005,IPC01281,78
QVA000028,IPC04946,60
QVA000051,IPC04514,26
QVA000064,IPC04514,26
QWU000029,IPC05521,100
QWU000051,IPC05521,100
QYR000027,IPC03024,33
RAN000002,IPC05517,98
RDG000204,IPC01281,78
RDG000206,IPC01281,78
RDG003641,IPC04514,26
RDG003649,IPC04514,26
ROM000095,IPC05538,109
ROM000131,IPC05538,109
ROM000142,IPC04472,25
ROM000158,IPC05523,101
ROM000294,IPC04472,25
ROM000522,IPC01281,78
ROM000607,IPC04514,26
ROM000661,IPC04514,26
ROM000912,IPC05538,109
ROM001132,IPC04472,25
ROM008979,IPC05538,109
RTM000005,IPC04932,62
RTM000305,IPC04932,62
RTM000533,IPC04946,60
RTM000810,IPC04946,60
RUM000902,IPC04578,35
RUS000017,IPC05162,76
RUS000019,IPC05162,76
RUS000021,IPC01941W,24
RUS000027,IPC05162,76
RUS000034,IPC05020,68
RUS000035,IPC05162,76
RUS000048,IPC05020,68
RUS000049,IPC05538,109
RUS000100,IPC05538,109
SCN000046,IPC04578,35
SCN005693,IPC04578,35
SCO000047,IPC05538,109
SCO000204,IPC05538,109
SCO000232,IPC05538,109
SCO000353,IPC04932,62
SCO000354,IPC05538,109
SCO000424,IPC05521,100
SCO000445,IPC04932,62
SCO000606,IPC05521,100
SCO000900,IPC05523,101
SEG000001,IPC04624,39
SEG000050,IPC04624,39
SFO000001,IPC04514,26
SFO000900,IPC04514,26
SIN000007,IPC05519,118
SIN000049,IPC04758,52
SIN000079,IPC04514,26
SIN000080,IPC04514,26
SIN000082,IPC05519,118
SIN000083,IPC05519,118
SIN000089,IPC05519,118
SIN000090,IPC05519,118
SIN000108,IPC03264,86
SIN000112,IPC05463,95
SIN000113,IPC05519,118
SIN000119,IPC04946,60
SIN000129,IPC05519,118
SIN000130,IPC05463,95
SIN000138,IPC05554,114
SIN000345,IPC03264,86
SIN000400,IPC05519,118
SIN001100,IPC04366,34
SIN003463,IPC05319,81
SOE000051,IPC05538,109
SOE000168,IPC05521,100
SOE000294,IPC05538,109
SOE000420,IPC05521,100
SOW000020,IPC05521,100
SOW000027,IPC05521,100
STO000041,IPC04578,35
STO000044,IPC05569,127
STO000064,IPC04578,35
STO000080,IPC04578,35
STO000087,IPC04578,35
STO000325,IPC05020,68
STO000351,IPC04578,35
STO000495,IPC04578,35
STO000514,IPC04578,35
STO000528,IPC04578,35
STO000632,IPC04578,35
STO000646,IPC05020,68
STO000661,IPC04578,35
STO000805,IPC04578,35
STO000820,IPC04578,35
STO000902,IPC04578,35
STO000910,IPC04578,35
STO031002,IPC04358,28
STO031003,IPC04358,28
STR000080,IPC03264,86
STR000367,IPC05541,110
STR002314,IPC04578,35
STR004587,IPC04578,35
SUI000014,IPC04624,39
SUI000020,IPC04578,35
SUI000029,IPC04578,35
SUI000055,IPC04475,27
SUI000069,IPC04578,35
SUI000072,IPC04578,35
SUI000119,IPC04578,35
SUI000125,IPC04475,27
SUI000141,IPC04578,35
SUI000155,IPC04578,35
SUI000190,IPC04578,35
SUI000233,IPC04578,35
SUI000288,IPC04578,35
SUI000294,IPC04475,27
SUI000311,IPC04578,35
SUI000313,IPC05517,98
SUI000326,IPC04578,35
SUI000327,IPC04578,35
SUI000352,IPC04578,35
SUI000400,IPC05538,109
SUI000504,IPC05538,109
SUI000581,IPC04578,35
SUI000704,IPC04578,35
SUI000840,IPC04578,35
SUI000857,IPC04578,35
SUI000902,IPC04578,35
SUI000940,IPC04578,35
SUI000946,IPC04578,35
SUI000964,IPC04578,35
SUI001075,IPC04578,35
SUI002896,IPC04475,27
SUI006468,IPC04578,35
SUI008555,IPC04578,35
SUI008556,IPC04578,35
SUI008557,IPC04578,35
SUI008558,IPC04578,35
SUI008559,IPC04578,35
SUI008560,IPC04578,35
SUI008561,IPC04578,35
SUI008648,IPC04578,35
SUI008649,IPC04578,35
SUI009435,IPC04578,35
SUI060370,IPC04578,35
SVK000100,IPC04946,60
SVQ000099,IPC04624,39
SWE000053,IPC04578,35
SWE000054,IPC04578,35
SWE000055,IPC04578,35
TFR000019,IPC03024,33
TKY0000057,IPC04733,50
TLN000395,IPC03024,33
TLS000086,IPC03024,33
TRN000064,IPC01281,78
TRN000145,IPC01281,78
TRN000364,IPC01281,78
TRN002171,IPC04472,25
TRS000017,IPC04968,66
TSF000045,IPC04968,66
TSF000054,IPC04968,66
TUR000035,IPC04358,28
TUR000044,IPC01941W,24
TUR000052,IPC04884,63
TUR000059,IPC04358,28
TUR000060,IPC04358,28
UAE000022,IPC05538,109
UAE000050,IPC05538,109
UDN000016,IPC04968,66
UDN000017,IPC04968,66
UIP000043,IPC03024,33
URO008243,IPC03024,33
USA000088,IPC05538,109
USA000116,IPC01281,78
USA000182,IPC01281,78
USA005044,IPC05538,109
USA039198,IPC01941W,24
UWE000027,IPC04578,35
UWE000030,IPC04578,35
UWP000023,IPC04305W,29
VAF000028,IPC03024,33
VAF000035,IPC05541,110
VAF000040,IPC05541,110
VAL000052,IPC04624,39
VAL000065,IPC04624,39
VCE000040,IPC04472,25
VCE000101,IPC04472,25
VIC000027,IPC04968,66
VIE000109,IPC01817,42
VIE000142,IPC05020,68
VIE000236,IPC04358,28
VIE000398,IPC05517,98
VIE000807,IPC05020,68
VIE000900,IPC04472,25
VIE000940,IPC05538,109
VIE000942,IPC05538,109
VIE000951,IPC03257,111
VIE000982,IPC01817,42
VIE000984,IPC05517,98
VIE001027,IPC04370,38
VIE001198,IPC04475,27
VIE001203,IPC04358,28
VIE001204,IPC04358,28
VIE001234,IPC04475,27
VIE002351,IPC04578,35
VIE003636,IPC05521,100
VIE003672,IPC05521,100
VLC000603,IPC04798,69
VLC000752,IPC04489,46
VLC000842,IPC04489,46
VLC000934,IPC04248,17
VLC008564,IPC04624,39
VNE000012,IPC03024,33
VNF-V-BCN000001,IPC04248,17
VNF-V-BCN000002,IPC04248,17
VNF-V-CES000013,IPC04514,26
VNF-V-CES000472,IPC04514,26
VNF-V-LON000048,IPC04514,26
VNF-V-LON000346,IPC04514,26
VNF-V-SIN000136,IPC04248,17
VRN000056,IPC04968,66
VRN000078,IPC04968,66
VRS000246,IPC05538,109
VRS000903,IPC05538,109
VRS002139,IPC05538,109
VRS008778,IPC05538,109
WAL000550,IPC04932,62
WAL000551,IPC04932,62
XBG000020,IPC05144,73
XBK000055,IPC03024,33
XBT000083,IPC05548,115
XBT000084,IPC05538,109
XBT000168,IPC05020,68
XBT000233,IPC01281,78
XBT000357,IPC01281,78
XBT000377,IPC05020,68
XBT000879,IPC04721,71
XBT000991,IPC05517,98
XBT002346,IPC03024,33
XBT003232,IPC05521,100
XBT005763,IPC05521,100
XBT008985,IPC05319,81
XBT009135,IPC05538,109
XDR000087,IPC03024,33
XPS000102,IPC04472,25
XPS000174,IPC04489,46
XPS000513,IPC04489,46
ZAF000006,IPC01941W,24
ZAF000029,IPC04624,39
ZAF000034,IPC04358,28
ZAF000035,IPC04358,28
ZAF000036,IPC04358,28
ZAF000042,IPC04624,39
ZAZ000008,IPC04514,26
ZAZ000013,IPC05374,84
ZAZ000021,IPC04514,26
ZAZ000058,IPC04624,39
ZAZ000190,IPC05374,84
ZGJ000022,IPC041200213,120
ZGJ000033,IPC05521,100
ZGJ000034,IPC05521,100
ZGJ000035,IPC05521,100
ZGJ000055,IPC05521,100
ZGJ000065,IPC041103199,31
ZGJ000202,IPC05521,100
ZGJ000291,IPC041200213,120
ZGJ000853,IPC05521,100
ZIA000021,IPC04968,66
ZIA000022,IPC04968,66
ZIA000024,IPC04968,66
ZIA000025,IPC04968,66
ZIA000026,IPC04968,66
ZIA000027,IPC04968,66
ZIA000033,IPC04968,66
ZLM000175,IPC04946,60
ZLM000291,IPC04578,35
ZLM003421,IPC04578,35
ZMO000020,IPC05564,129
ZMO000093,IPC04968,66
ZMO000200,IPC05564,129
ZNQ000027,IPC04472,25
ZRH000009,IPC04472,25
ZRH000189,IPC04578,35
ZRH000206,IPC04578,35
ZRH000214,IPC04578,35
ZRH000552,IPC04578,35
ZRH000802,IPC05020,68
ZRH000841,IPC05020,68
ZRH000903,IPC04578,35
ZRH000904,IPC05521,100
ZRH000963,IPC04578,35
ZRH000982,IPC05521,100
ZRH000994,IPC04578,35
ZRH002220,IPC04578,35